0,1,2,3,./label
./imagesTr/BRATS_001_0.nii.gz,./imagesTr/BRATS_001_1.nii.gz,./imagesTr/BRATS_001_2.nii.gz,./imagesTr/BRATS_001_3.nii.gz,./labelsTr/BRATS_001.nii.gz
./imagesTr/BRATS_002_0.nii.gz,./imagesTr/BRATS_002_1.nii.gz,./imagesTr/BRATS_002_2.nii.gz,./imagesTr/BRATS_002_3.nii.gz,./labelsTr/BRATS_002.nii.gz
./imagesTr/BRATS_004_0.nii.gz,./imagesTr/BRATS_004_1.nii.gz,./imagesTr/BRATS_004_2.nii.gz,./imagesTr/BRATS_004_3.nii.gz,./labelsTr/BRATS_004.nii.gz
./imagesTr/BRATS_005_0.nii.gz,./imagesTr/BRATS_005_1.nii.gz,./imagesTr/BRATS_005_2.nii.gz,./imagesTr/BRATS_005_3.nii.gz,./labelsTr/BRATS_005.nii.gz
./imagesTr/BRATS_006_0.nii.gz,./imagesTr/BRATS_006_1.nii.gz,./imagesTr/BRATS_006_2.nii.gz,./imagesTr/BRATS_006_3.nii.gz,./labelsTr/BRATS_006.nii.gz
./imagesTr/BRATS_007_0.nii.gz,./imagesTr/BRATS_007_1.nii.gz,./imagesTr/BRATS_007_2.nii.gz,./imagesTr/BRATS_007_3.nii.gz,./labelsTr/BRATS_007.nii.gz
./imagesTr/BRATS_009_0.nii.gz,./imagesTr/BRATS_009_1.nii.gz,./imagesTr/BRATS_009_2.nii.gz,./imagesTr/BRATS_009_3.nii.gz,./labelsTr/BRATS_009.nii.gz
./imagesTr/BRATS_010_0.nii.gz,./imagesTr/BRATS_010_1.nii.gz,./imagesTr/BRATS_010_2.nii.gz,./imagesTr/BRATS_010_3.nii.gz,./labelsTr/BRATS_010.nii.gz
./imagesTr/BRATS_011_0.nii.gz,./imagesTr/BRATS_011_1.nii.gz,./imagesTr/BRATS_011_2.nii.gz,./imagesTr/BRATS_011_3.nii.gz,./labelsTr/BRATS_011.nii.gz
./imagesTr/BRATS_012_0.nii.gz,./imagesTr/BRATS_012_1.nii.gz,./imagesTr/BRATS_012_2.nii.gz,./imagesTr/BRATS_012_3.nii.gz,./labelsTr/BRATS_012.nii.gz
./imagesTr/BRATS_013_0.nii.gz,./imagesTr/BRATS_013_1.nii.gz,./imagesTr/BRATS_013_2.nii.gz,./imagesTr/BRATS_013_3.nii.gz,./labelsTr/BRATS_013.nii.gz
./imagesTr/BRATS_014_0.nii.gz,./imagesTr/BRATS_014_1.nii.gz,./imagesTr/BRATS_014_2.nii.gz,./imagesTr/BRATS_014_3.nii.gz,./labelsTr/BRATS_014.nii.gz
./imagesTr/BRATS_015_0.nii.gz,./imagesTr/BRATS_015_1.nii.gz,./imagesTr/BRATS_015_2.nii.gz,./imagesTr/BRATS_015_3.nii.gz,./labelsTr/BRATS_015.nii.gz
./imagesTr/BRATS_016_0.nii.gz,./imagesTr/BRATS_016_1.nii.gz,./imagesTr/BRATS_016_2.nii.gz,./imagesTr/BRATS_016_3.nii.gz,./labelsTr/BRATS_016.nii.gz
./imagesTr/BRATS_020_0.nii.gz,./imagesTr/BRATS_020_1.nii.gz,./imagesTr/BRATS_020_2.nii.gz,./imagesTr/BRATS_020_3.nii.gz,./labelsTr/BRATS_020.nii.gz
./imagesTr/BRATS_021_0.nii.gz,./imagesTr/BRATS_021_1.nii.gz,./imagesTr/BRATS_021_2.nii.gz,./imagesTr/BRATS_021_3.nii.gz,./labelsTr/BRATS_021.nii.gz
./imagesTr/BRATS_022_0.nii.gz,./imagesTr/BRATS_022_1.nii.gz,./imagesTr/BRATS_022_2.nii.gz,./imagesTr/BRATS_022_3.nii.gz,./labelsTr/BRATS_022.nii.gz
./imagesTr/BRATS_024_0.nii.gz,./imagesTr/BRATS_024_1.nii.gz,./imagesTr/BRATS_024_2.nii.gz,./imagesTr/BRATS_024_3.nii.gz,./labelsTr/BRATS_024.nii.gz
./imagesTr/BRATS_025_0.nii.gz,./imagesTr/BRATS_025_1.nii.gz,./imagesTr/BRATS_025_2.nii.gz,./imagesTr/BRATS_025_3.nii.gz,./labelsTr/BRATS_025.nii.gz
./imagesTr/BRATS_026_0.nii.gz,./imagesTr/BRATS_026_1.nii.gz,./imagesTr/BRATS_026_2.nii.gz,./imagesTr/BRATS_026_3.nii.gz,./labelsTr/BRATS_026.nii.gz
./imagesTr/BRATS_027_0.nii.gz,./imagesTr/BRATS_027_1.nii.gz,./imagesTr/BRATS_027_2.nii.gz,./imagesTr/BRATS_027_3.nii.gz,./labelsTr/BRATS_027.nii.gz
./imagesTr/BRATS_028_0.nii.gz,./imagesTr/BRATS_028_1.nii.gz,./imagesTr/BRATS_028_2.nii.gz,./imagesTr/BRATS_028_3.nii.gz,./labelsTr/BRATS_028.nii.gz
./imagesTr/BRATS_029_0.nii.gz,./imagesTr/BRATS_029_1.nii.gz,./imagesTr/BRATS_029_2.nii.gz,./imagesTr/BRATS_029_3.nii.gz,./labelsTr/BRATS_029.nii.gz
./imagesTr/BRATS_030_0.nii.gz,./imagesTr/BRATS_030_1.nii.gz,./imagesTr/BRATS_030_2.nii.gz,./imagesTr/BRATS_030_3.nii.gz,./labelsTr/BRATS_030.nii.gz
./imagesTr/BRATS_031_0.nii.gz,./imagesTr/BRATS_031_1.nii.gz,./imagesTr/BRATS_031_2.nii.gz,./imagesTr/BRATS_031_3.nii.gz,./labelsTr/BRATS_031.nii.gz
./imagesTr/BRATS_032_0.nii.gz,./imagesTr/BRATS_032_1.nii.gz,./imagesTr/BRATS_032_2.nii.gz,./imagesTr/BRATS_032_3.nii.gz,./labelsTr/BRATS_032.nii.gz
./imagesTr/BRATS_035_0.nii.gz,./imagesTr/BRATS_035_1.nii.gz,./imagesTr/BRATS_035_2.nii.gz,./imagesTr/BRATS_035_3.nii.gz,./labelsTr/BRATS_035.nii.gz
./imagesTr/BRATS_036_0.nii.gz,./imagesTr/BRATS_036_1.nii.gz,./imagesTr/BRATS_036_2.nii.gz,./imagesTr/BRATS_036_3.nii.gz,./labelsTr/BRATS_036.nii.gz
./imagesTr/BRATS_038_0.nii.gz,./imagesTr/BRATS_038_1.nii.gz,./imagesTr/BRATS_038_2.nii.gz,./imagesTr/BRATS_038_3.nii.gz,./labelsTr/BRATS_038.nii.gz
./imagesTr/BRATS_040_0.nii.gz,./imagesTr/BRATS_040_1.nii.gz,./imagesTr/BRATS_040_2.nii.gz,./imagesTr/BRATS_040_3.nii.gz,./labelsTr/BRATS_040.nii.gz
./imagesTr/BRATS_043_0.nii.gz,./imagesTr/BRATS_043_1.nii.gz,./imagesTr/BRATS_043_2.nii.gz,./imagesTr/BRATS_043_3.nii.gz,./labelsTr/BRATS_043.nii.gz
./imagesTr/BRATS_044_0.nii.gz,./imagesTr/BRATS_044_1.nii.gz,./imagesTr/BRATS_044_2.nii.gz,./imagesTr/BRATS_044_3.nii.gz,./labelsTr/BRATS_044.nii.gz
./imagesTr/BRATS_045_0.nii.gz,./imagesTr/BRATS_045_1.nii.gz,./imagesTr/BRATS_045_2.nii.gz,./imagesTr/BRATS_045_3.nii.gz,./labelsTr/BRATS_045.nii.gz
./imagesTr/BRATS_046_0.nii.gz,./imagesTr/BRATS_046_1.nii.gz,./imagesTr/BRATS_046_2.nii.gz,./imagesTr/BRATS_046_3.nii.gz,./labelsTr/BRATS_046.nii.gz
./imagesTr/BRATS_047_0.nii.gz,./imagesTr/BRATS_047_1.nii.gz,./imagesTr/BRATS_047_2.nii.gz,./imagesTr/BRATS_047_3.nii.gz,./labelsTr/BRATS_047.nii.gz
./imagesTr/BRATS_048_0.nii.gz,./imagesTr/BRATS_048_1.nii.gz,./imagesTr/BRATS_048_2.nii.gz,./imagesTr/BRATS_048_3.nii.gz,./labelsTr/BRATS_048.nii.gz
./imagesTr/BRATS_049_0.nii.gz,./imagesTr/BRATS_049_1.nii.gz,./imagesTr/BRATS_049_2.nii.gz,./imagesTr/BRATS_049_3.nii.gz,./labelsTr/BRATS_049.nii.gz
./imagesTr/BRATS_051_0.nii.gz,./imagesTr/BRATS_051_1.nii.gz,./imagesTr/BRATS_051_2.nii.gz,./imagesTr/BRATS_051_3.nii.gz,./labelsTr/BRATS_051.nii.gz
./imagesTr/BRATS_052_0.nii.gz,./imagesTr/BRATS_052_1.nii.gz,./imagesTr/BRATS_052_2.nii.gz,./imagesTr/BRATS_052_3.nii.gz,./labelsTr/BRATS_052.nii.gz
./imagesTr/BRATS_053_0.nii.gz,./imagesTr/BRATS_053_1.nii.gz,./imagesTr/BRATS_053_2.nii.gz,./imagesTr/BRATS_053_3.nii.gz,./labelsTr/BRATS_053.nii.gz
./imagesTr/BRATS_054_0.nii.gz,./imagesTr/BRATS_054_1.nii.gz,./imagesTr/BRATS_054_2.nii.gz,./imagesTr/BRATS_054_3.nii.gz,./labelsTr/BRATS_054.nii.gz
./imagesTr/BRATS_055_0.nii.gz,./imagesTr/BRATS_055_1.nii.gz,./imagesTr/BRATS_055_2.nii.gz,./imagesTr/BRATS_055_3.nii.gz,./labelsTr/BRATS_055.nii.gz
./imagesTr/BRATS_056_0.nii.gz,./imagesTr/BRATS_056_1.nii.gz,./imagesTr/BRATS_056_2.nii.gz,./imagesTr/BRATS_056_3.nii.gz,./labelsTr/BRATS_056.nii.gz
./imagesTr/BRATS_057_0.nii.gz,./imagesTr/BRATS_057_1.nii.gz,./imagesTr/BRATS_057_2.nii.gz,./imagesTr/BRATS_057_3.nii.gz,./labelsTr/BRATS_057.nii.gz
./imagesTr/BRATS_059_0.nii.gz,./imagesTr/BRATS_059_1.nii.gz,./imagesTr/BRATS_059_2.nii.gz,./imagesTr/BRATS_059_3.nii.gz,./labelsTr/BRATS_059.nii.gz
./imagesTr/BRATS_060_0.nii.gz,./imagesTr/BRATS_060_1.nii.gz,./imagesTr/BRATS_060_2.nii.gz,./imagesTr/BRATS_060_3.nii.gz,./labelsTr/BRATS_060.nii.gz
./imagesTr/BRATS_061_0.nii.gz,./imagesTr/BRATS_061_1.nii.gz,./imagesTr/BRATS_061_2.nii.gz,./imagesTr/BRATS_061_3.nii.gz,./labelsTr/BRATS_061.nii.gz
./imagesTr/BRATS_063_0.nii.gz,./imagesTr/BRATS_063_1.nii.gz,./imagesTr/BRATS_063_2.nii.gz,./imagesTr/BRATS_063_3.nii.gz,./labelsTr/BRATS_063.nii.gz
./imagesTr/BRATS_064_0.nii.gz,./imagesTr/BRATS_064_1.nii.gz,./imagesTr/BRATS_064_2.nii.gz,./imagesTr/BRATS_064_3.nii.gz,./labelsTr/BRATS_064.nii.gz
./imagesTr/BRATS_065_0.nii.gz,./imagesTr/BRATS_065_1.nii.gz,./imagesTr/BRATS_065_2.nii.gz,./imagesTr/BRATS_065_3.nii.gz,./labelsTr/BRATS_065.nii.gz
./imagesTr/BRATS_066_0.nii.gz,./imagesTr/BRATS_066_1.nii.gz,./imagesTr/BRATS_066_2.nii.gz,./imagesTr/BRATS_066_3.nii.gz,./labelsTr/BRATS_066.nii.gz
./imagesTr/BRATS_067_0.nii.gz,./imagesTr/BRATS_067_1.nii.gz,./imagesTr/BRATS_067_2.nii.gz,./imagesTr/BRATS_067_3.nii.gz,./labelsTr/BRATS_067.nii.gz
./imagesTr/BRATS_068_0.nii.gz,./imagesTr/BRATS_068_1.nii.gz,./imagesTr/BRATS_068_2.nii.gz,./imagesTr/BRATS_068_3.nii.gz,./labelsTr/BRATS_068.nii.gz
./imagesTr/BRATS_070_0.nii.gz,./imagesTr/BRATS_070_1.nii.gz,./imagesTr/BRATS_070_2.nii.gz,./imagesTr/BRATS_070_3.nii.gz,./labelsTr/BRATS_070.nii.gz
./imagesTr/BRATS_071_0.nii.gz,./imagesTr/BRATS_071_1.nii.gz,./imagesTr/BRATS_071_2.nii.gz,./imagesTr/BRATS_071_3.nii.gz,./labelsTr/BRATS_071.nii.gz
./imagesTr/BRATS_073_0.nii.gz,./imagesTr/BRATS_073_1.nii.gz,./imagesTr/BRATS_073_2.nii.gz,./imagesTr/BRATS_073_3.nii.gz,./labelsTr/BRATS_073.nii.gz
./imagesTr/BRATS_075_0.nii.gz,./imagesTr/BRATS_075_1.nii.gz,./imagesTr/BRATS_075_2.nii.gz,./imagesTr/BRATS_075_3.nii.gz,./labelsTr/BRATS_075.nii.gz
./imagesTr/BRATS_076_0.nii.gz,./imagesTr/BRATS_076_1.nii.gz,./imagesTr/BRATS_076_2.nii.gz,./imagesTr/BRATS_076_3.nii.gz,./labelsTr/BRATS_076.nii.gz
./imagesTr/BRATS_078_0.nii.gz,./imagesTr/BRATS_078_1.nii.gz,./imagesTr/BRATS_078_2.nii.gz,./imagesTr/BRATS_078_3.nii.gz,./labelsTr/BRATS_078.nii.gz
./imagesTr/BRATS_079_0.nii.gz,./imagesTr/BRATS_079_1.nii.gz,./imagesTr/BRATS_079_2.nii.gz,./imagesTr/BRATS_079_3.nii.gz,./labelsTr/BRATS_079.nii.gz
./imagesTr/BRATS_080_0.nii.gz,./imagesTr/BRATS_080_1.nii.gz,./imagesTr/BRATS_080_2.nii.gz,./imagesTr/BRATS_080_3.nii.gz,./labelsTr/BRATS_080.nii.gz
./imagesTr/BRATS_084_0.nii.gz,./imagesTr/BRATS_084_1.nii.gz,./imagesTr/BRATS_084_2.nii.gz,./imagesTr/BRATS_084_3.nii.gz,./labelsTr/BRATS_084.nii.gz
./imagesTr/BRATS_087_0.nii.gz,./imagesTr/BRATS_087_1.nii.gz,./imagesTr/BRATS_087_2.nii.gz,./imagesTr/BRATS_087_3.nii.gz,./labelsTr/BRATS_087.nii.gz
./imagesTr/BRATS_088_0.nii.gz,./imagesTr/BRATS_088_1.nii.gz,./imagesTr/BRATS_088_2.nii.gz,./imagesTr/BRATS_088_3.nii.gz,./labelsTr/BRATS_088.nii.gz
./imagesTr/BRATS_089_0.nii.gz,./imagesTr/BRATS_089_1.nii.gz,./imagesTr/BRATS_089_2.nii.gz,./imagesTr/BRATS_089_3.nii.gz,./labelsTr/BRATS_089.nii.gz
./imagesTr/BRATS_093_0.nii.gz,./imagesTr/BRATS_093_1.nii.gz,./imagesTr/BRATS_093_2.nii.gz,./imagesTr/BRATS_093_3.nii.gz,./labelsTr/BRATS_093.nii.gz
./imagesTr/BRATS_094_0.nii.gz,./imagesTr/BRATS_094_1.nii.gz,./imagesTr/BRATS_094_2.nii.gz,./imagesTr/BRATS_094_3.nii.gz,./labelsTr/BRATS_094.nii.gz
./imagesTr/BRATS_095_0.nii.gz,./imagesTr/BRATS_095_1.nii.gz,./imagesTr/BRATS_095_2.nii.gz,./imagesTr/BRATS_095_3.nii.gz,./labelsTr/BRATS_095.nii.gz
./imagesTr/BRATS_096_0.nii.gz,./imagesTr/BRATS_096_1.nii.gz,./imagesTr/BRATS_096_2.nii.gz,./imagesTr/BRATS_096_3.nii.gz,./labelsTr/BRATS_096.nii.gz
./imagesTr/BRATS_097_0.nii.gz,./imagesTr/BRATS_097_1.nii.gz,./imagesTr/BRATS_097_2.nii.gz,./imagesTr/BRATS_097_3.nii.gz,./labelsTr/BRATS_097.nii.gz
./imagesTr/BRATS_099_0.nii.gz,./imagesTr/BRATS_099_1.nii.gz,./imagesTr/BRATS_099_2.nii.gz,./imagesTr/BRATS_099_3.nii.gz,./labelsTr/BRATS_099.nii.gz
./imagesTr/BRATS_101_0.nii.gz,./imagesTr/BRATS_101_1.nii.gz,./imagesTr/BRATS_101_2.nii.gz,./imagesTr/BRATS_101_3.nii.gz,./labelsTr/BRATS_101.nii.gz
./imagesTr/BRATS_102_0.nii.gz,./imagesTr/BRATS_102_1.nii.gz,./imagesTr/BRATS_102_2.nii.gz,./imagesTr/BRATS_102_3.nii.gz,./labelsTr/BRATS_102.nii.gz
./imagesTr/BRATS_103_0.nii.gz,./imagesTr/BRATS_103_1.nii.gz,./imagesTr/BRATS_103_2.nii.gz,./imagesTr/BRATS_103_3.nii.gz,./labelsTr/BRATS_103.nii.gz
./imagesTr/BRATS_104_0.nii.gz,./imagesTr/BRATS_104_1.nii.gz,./imagesTr/BRATS_104_2.nii.gz,./imagesTr/BRATS_104_3.nii.gz,./labelsTr/BRATS_104.nii.gz
./imagesTr/BRATS_105_0.nii.gz,./imagesTr/BRATS_105_1.nii.gz,./imagesTr/BRATS_105_2.nii.gz,./imagesTr/BRATS_105_3.nii.gz,./labelsTr/BRATS_105.nii.gz
./imagesTr/BRATS_107_0.nii.gz,./imagesTr/BRATS_107_1.nii.gz,./imagesTr/BRATS_107_2.nii.gz,./imagesTr/BRATS_107_3.nii.gz,./labelsTr/BRATS_107.nii.gz
./imagesTr/BRATS_108_0.nii.gz,./imagesTr/BRATS_108_1.nii.gz,./imagesTr/BRATS_108_2.nii.gz,./imagesTr/BRATS_108_3.nii.gz,./labelsTr/BRATS_108.nii.gz
./imagesTr/BRATS_109_0.nii.gz,./imagesTr/BRATS_109_1.nii.gz,./imagesTr/BRATS_109_2.nii.gz,./imagesTr/BRATS_109_3.nii.gz,./labelsTr/BRATS_109.nii.gz
./imagesTr/BRATS_110_0.nii.gz,./imagesTr/BRATS_110_1.nii.gz,./imagesTr/BRATS_110_2.nii.gz,./imagesTr/BRATS_110_3.nii.gz,./labelsTr/BRATS_110.nii.gz
./imagesTr/BRATS_111_0.nii.gz,./imagesTr/BRATS_111_1.nii.gz,./imagesTr/BRATS_111_2.nii.gz,./imagesTr/BRATS_111_3.nii.gz,./labelsTr/BRATS_111.nii.gz
./imagesTr/BRATS_112_0.nii.gz,./imagesTr/BRATS_112_1.nii.gz,./imagesTr/BRATS_112_2.nii.gz,./imagesTr/BRATS_112_3.nii.gz,./labelsTr/BRATS_112.nii.gz
./imagesTr/BRATS_113_0.nii.gz,./imagesTr/BRATS_113_1.nii.gz,./imagesTr/BRATS_113_2.nii.gz,./imagesTr/BRATS_113_3.nii.gz,./labelsTr/BRATS_113.nii.gz
./imagesTr/BRATS_114_0.nii.gz,./imagesTr/BRATS_114_1.nii.gz,./imagesTr/BRATS_114_2.nii.gz,./imagesTr/BRATS_114_3.nii.gz,./labelsTr/BRATS_114.nii.gz
./imagesTr/BRATS_116_0.nii.gz,./imagesTr/BRATS_116_1.nii.gz,./imagesTr/BRATS_116_2.nii.gz,./imagesTr/BRATS_116_3.nii.gz,./labelsTr/BRATS_116.nii.gz
./imagesTr/BRATS_117_0.nii.gz,./imagesTr/BRATS_117_1.nii.gz,./imagesTr/BRATS_117_2.nii.gz,./imagesTr/BRATS_117_3.nii.gz,./labelsTr/BRATS_117.nii.gz
./imagesTr/BRATS_118_0.nii.gz,./imagesTr/BRATS_118_1.nii.gz,./imagesTr/BRATS_118_2.nii.gz,./imagesTr/BRATS_118_3.nii.gz,./labelsTr/BRATS_118.nii.gz
./imagesTr/BRATS_119_0.nii.gz,./imagesTr/BRATS_119_1.nii.gz,./imagesTr/BRATS_119_2.nii.gz,./imagesTr/BRATS_119_3.nii.gz,./labelsTr/BRATS_119.nii.gz
./imagesTr/BRATS_120_0.nii.gz,./imagesTr/BRATS_120_1.nii.gz,./imagesTr/BRATS_120_2.nii.gz,./imagesTr/BRATS_120_3.nii.gz,./labelsTr/BRATS_120.nii.gz
./imagesTr/BRATS_122_0.nii.gz,./imagesTr/BRATS_122_1.nii.gz,./imagesTr/BRATS_122_2.nii.gz,./imagesTr/BRATS_122_3.nii.gz,./labelsTr/BRATS_122.nii.gz
./imagesTr/BRATS_127_0.nii.gz,./imagesTr/BRATS_127_1.nii.gz,./imagesTr/BRATS_127_2.nii.gz,./imagesTr/BRATS_127_3.nii.gz,./labelsTr/BRATS_127.nii.gz
./imagesTr/BRATS_129_0.nii.gz,./imagesTr/BRATS_129_1.nii.gz,./imagesTr/BRATS_129_2.nii.gz,./imagesTr/BRATS_129_3.nii.gz,./labelsTr/BRATS_129.nii.gz
./imagesTr/BRATS_130_0.nii.gz,./imagesTr/BRATS_130_1.nii.gz,./imagesTr/BRATS_130_2.nii.gz,./imagesTr/BRATS_130_3.nii.gz,./labelsTr/BRATS_130.nii.gz
./imagesTr/BRATS_131_0.nii.gz,./imagesTr/BRATS_131_1.nii.gz,./imagesTr/BRATS_131_2.nii.gz,./imagesTr/BRATS_131_3.nii.gz,./labelsTr/BRATS_131.nii.gz
./imagesTr/BRATS_132_0.nii.gz,./imagesTr/BRATS_132_1.nii.gz,./imagesTr/BRATS_132_2.nii.gz,./imagesTr/BRATS_132_3.nii.gz,./labelsTr/BRATS_132.nii.gz
./imagesTr/BRATS_133_0.nii.gz,./imagesTr/BRATS_133_1.nii.gz,./imagesTr/BRATS_133_2.nii.gz,./imagesTr/BRATS_133_3.nii.gz,./labelsTr/BRATS_133.nii.gz
./imagesTr/BRATS_134_0.nii.gz,./imagesTr/BRATS_134_1.nii.gz,./imagesTr/BRATS_134_2.nii.gz,./imagesTr/BRATS_134_3.nii.gz,./labelsTr/BRATS_134.nii.gz
./imagesTr/BRATS_136_0.nii.gz,./imagesTr/BRATS_136_1.nii.gz,./imagesTr/BRATS_136_2.nii.gz,./imagesTr/BRATS_136_3.nii.gz,./labelsTr/BRATS_136.nii.gz
./imagesTr/BRATS_138_0.nii.gz,./imagesTr/BRATS_138_1.nii.gz,./imagesTr/BRATS_138_2.nii.gz,./imagesTr/BRATS_138_3.nii.gz,./labelsTr/BRATS_138.nii.gz
./imagesTr/BRATS_139_0.nii.gz,./imagesTr/BRATS_139_1.nii.gz,./imagesTr/BRATS_139_2.nii.gz,./imagesTr/BRATS_139_3.nii.gz,./labelsTr/BRATS_139.nii.gz
./imagesTr/BRATS_142_0.nii.gz,./imagesTr/BRATS_142_1.nii.gz,./imagesTr/BRATS_142_2.nii.gz,./imagesTr/BRATS_142_3.nii.gz,./labelsTr/BRATS_142.nii.gz
./imagesTr/BRATS_144_0.nii.gz,./imagesTr/BRATS_144_1.nii.gz,./imagesTr/BRATS_144_2.nii.gz,./imagesTr/BRATS_144_3.nii.gz,./labelsTr/BRATS_144.nii.gz
./imagesTr/BRATS_145_0.nii.gz,./imagesTr/BRATS_145_1.nii.gz,./imagesTr/BRATS_145_2.nii.gz,./imagesTr/BRATS_145_3.nii.gz,./labelsTr/BRATS_145.nii.gz
./imagesTr/BRATS_147_0.nii.gz,./imagesTr/BRATS_147_1.nii.gz,./imagesTr/BRATS_147_2.nii.gz,./imagesTr/BRATS_147_3.nii.gz,./labelsTr/BRATS_147.nii.gz
./imagesTr/BRATS_148_0.nii.gz,./imagesTr/BRATS_148_1.nii.gz,./imagesTr/BRATS_148_2.nii.gz,./imagesTr/BRATS_148_3.nii.gz,./labelsTr/BRATS_148.nii.gz
./imagesTr/BRATS_149_0.nii.gz,./imagesTr/BRATS_149_1.nii.gz,./imagesTr/BRATS_149_2.nii.gz,./imagesTr/BRATS_149_3.nii.gz,./labelsTr/BRATS_149.nii.gz
./imagesTr/BRATS_150_0.nii.gz,./imagesTr/BRATS_150_1.nii.gz,./imagesTr/BRATS_150_2.nii.gz,./imagesTr/BRATS_150_3.nii.gz,./labelsTr/BRATS_150.nii.gz
./imagesTr/BRATS_151_0.nii.gz,./imagesTr/BRATS_151_1.nii.gz,./imagesTr/BRATS_151_2.nii.gz,./imagesTr/BRATS_151_3.nii.gz,./labelsTr/BRATS_151.nii.gz
./imagesTr/BRATS_152_0.nii.gz,./imagesTr/BRATS_152_1.nii.gz,./imagesTr/BRATS_152_2.nii.gz,./imagesTr/BRATS_152_3.nii.gz,./labelsTr/BRATS_152.nii.gz
./imagesTr/BRATS_153_0.nii.gz,./imagesTr/BRATS_153_1.nii.gz,./imagesTr/BRATS_153_2.nii.gz,./imagesTr/BRATS_153_3.nii.gz,./labelsTr/BRATS_153.nii.gz
./imagesTr/BRATS_154_0.nii.gz,./imagesTr/BRATS_154_1.nii.gz,./imagesTr/BRATS_154_2.nii.gz,./imagesTr/BRATS_154_3.nii.gz,./labelsTr/BRATS_154.nii.gz
./imagesTr/BRATS_157_0.nii.gz,./imagesTr/BRATS_157_1.nii.gz,./imagesTr/BRATS_157_2.nii.gz,./imagesTr/BRATS_157_3.nii.gz,./labelsTr/BRATS_157.nii.gz
./imagesTr/BRATS_158_0.nii.gz,./imagesTr/BRATS_158_1.nii.gz,./imagesTr/BRATS_158_2.nii.gz,./imagesTr/BRATS_158_3.nii.gz,./labelsTr/BRATS_158.nii.gz
./imagesTr/BRATS_159_0.nii.gz,./imagesTr/BRATS_159_1.nii.gz,./imagesTr/BRATS_159_2.nii.gz,./imagesTr/BRATS_159_3.nii.gz,./labelsTr/BRATS_159.nii.gz
./imagesTr/BRATS_160_0.nii.gz,./imagesTr/BRATS_160_1.nii.gz,./imagesTr/BRATS_160_2.nii.gz,./imagesTr/BRATS_160_3.nii.gz,./labelsTr/BRATS_160.nii.gz
./imagesTr/BRATS_162_0.nii.gz,./imagesTr/BRATS_162_1.nii.gz,./imagesTr/BRATS_162_2.nii.gz,./imagesTr/BRATS_162_3.nii.gz,./labelsTr/BRATS_162.nii.gz
./imagesTr/BRATS_163_0.nii.gz,./imagesTr/BRATS_163_1.nii.gz,./imagesTr/BRATS_163_2.nii.gz,./imagesTr/BRATS_163_3.nii.gz,./labelsTr/BRATS_163.nii.gz
./imagesTr/BRATS_165_0.nii.gz,./imagesTr/BRATS_165_1.nii.gz,./imagesTr/BRATS_165_2.nii.gz,./imagesTr/BRATS_165_3.nii.gz,./labelsTr/BRATS_165.nii.gz
./imagesTr/BRATS_166_0.nii.gz,./imagesTr/BRATS_166_1.nii.gz,./imagesTr/BRATS_166_2.nii.gz,./imagesTr/BRATS_166_3.nii.gz,./labelsTr/BRATS_166.nii.gz
./imagesTr/BRATS_169_0.nii.gz,./imagesTr/BRATS_169_1.nii.gz,./imagesTr/BRATS_169_2.nii.gz,./imagesTr/BRATS_169_3.nii.gz,./labelsTr/BRATS_169.nii.gz
./imagesTr/BRATS_171_0.nii.gz,./imagesTr/BRATS_171_1.nii.gz,./imagesTr/BRATS_171_2.nii.gz,./imagesTr/BRATS_171_3.nii.gz,./labelsTr/BRATS_171.nii.gz
./imagesTr/BRATS_172_0.nii.gz,./imagesTr/BRATS_172_1.nii.gz,./imagesTr/BRATS_172_2.nii.gz,./imagesTr/BRATS_172_3.nii.gz,./labelsTr/BRATS_172.nii.gz
./imagesTr/BRATS_173_0.nii.gz,./imagesTr/BRATS_173_1.nii.gz,./imagesTr/BRATS_173_2.nii.gz,./imagesTr/BRATS_173_3.nii.gz,./labelsTr/BRATS_173.nii.gz
./imagesTr/BRATS_174_0.nii.gz,./imagesTr/BRATS_174_1.nii.gz,./imagesTr/BRATS_174_2.nii.gz,./imagesTr/BRATS_174_3.nii.gz,./labelsTr/BRATS_174.nii.gz
./imagesTr/BRATS_175_0.nii.gz,./imagesTr/BRATS_175_1.nii.gz,./imagesTr/BRATS_175_2.nii.gz,./imagesTr/BRATS_175_3.nii.gz,./labelsTr/BRATS_175.nii.gz
./imagesTr/BRATS_176_0.nii.gz,./imagesTr/BRATS_176_1.nii.gz,./imagesTr/BRATS_176_2.nii.gz,./imagesTr/BRATS_176_3.nii.gz,./labelsTr/BRATS_176.nii.gz
./imagesTr/BRATS_177_0.nii.gz,./imagesTr/BRATS_177_1.nii.gz,./imagesTr/BRATS_177_2.nii.gz,./imagesTr/BRATS_177_3.nii.gz,./labelsTr/BRATS_177.nii.gz
./imagesTr/BRATS_180_0.nii.gz,./imagesTr/BRATS_180_1.nii.gz,./imagesTr/BRATS_180_2.nii.gz,./imagesTr/BRATS_180_3.nii.gz,./labelsTr/BRATS_180.nii.gz
./imagesTr/BRATS_181_0.nii.gz,./imagesTr/BRATS_181_1.nii.gz,./imagesTr/BRATS_181_2.nii.gz,./imagesTr/BRATS_181_3.nii.gz,./labelsTr/BRATS_181.nii.gz
./imagesTr/BRATS_183_0.nii.gz,./imagesTr/BRATS_183_1.nii.gz,./imagesTr/BRATS_183_2.nii.gz,./imagesTr/BRATS_183_3.nii.gz,./labelsTr/BRATS_183.nii.gz
./imagesTr/BRATS_184_0.nii.gz,./imagesTr/BRATS_184_1.nii.gz,./imagesTr/BRATS_184_2.nii.gz,./imagesTr/BRATS_184_3.nii.gz,./labelsTr/BRATS_184.nii.gz
./imagesTr/BRATS_187_0.nii.gz,./imagesTr/BRATS_187_1.nii.gz,./imagesTr/BRATS_187_2.nii.gz,./imagesTr/BRATS_187_3.nii.gz,./labelsTr/BRATS_187.nii.gz
./imagesTr/BRATS_189_0.nii.gz,./imagesTr/BRATS_189_1.nii.gz,./imagesTr/BRATS_189_2.nii.gz,./imagesTr/BRATS_189_3.nii.gz,./labelsTr/BRATS_189.nii.gz
./imagesTr/BRATS_190_0.nii.gz,./imagesTr/BRATS_190_1.nii.gz,./imagesTr/BRATS_190_2.nii.gz,./imagesTr/BRATS_190_3.nii.gz,./labelsTr/BRATS_190.nii.gz
./imagesTr/BRATS_191_0.nii.gz,./imagesTr/BRATS_191_1.nii.gz,./imagesTr/BRATS_191_2.nii.gz,./imagesTr/BRATS_191_3.nii.gz,./labelsTr/BRATS_191.nii.gz
./imagesTr/BRATS_194_0.nii.gz,./imagesTr/BRATS_194_1.nii.gz,./imagesTr/BRATS_194_2.nii.gz,./imagesTr/BRATS_194_3.nii.gz,./labelsTr/BRATS_194.nii.gz
./imagesTr/BRATS_195_0.nii.gz,./imagesTr/BRATS_195_1.nii.gz,./imagesTr/BRATS_195_2.nii.gz,./imagesTr/BRATS_195_3.nii.gz,./labelsTr/BRATS_195.nii.gz
./imagesTr/BRATS_198_0.nii.gz,./imagesTr/BRATS_198_1.nii.gz,./imagesTr/BRATS_198_2.nii.gz,./imagesTr/BRATS_198_3.nii.gz,./labelsTr/BRATS_198.nii.gz
./imagesTr/BRATS_199_0.nii.gz,./imagesTr/BRATS_199_1.nii.gz,./imagesTr/BRATS_199_2.nii.gz,./imagesTr/BRATS_199_3.nii.gz,./labelsTr/BRATS_199.nii.gz
./imagesTr/BRATS_201_0.nii.gz,./imagesTr/BRATS_201_1.nii.gz,./imagesTr/BRATS_201_2.nii.gz,./imagesTr/BRATS_201_3.nii.gz,./labelsTr/BRATS_201.nii.gz
./imagesTr/BRATS_202_0.nii.gz,./imagesTr/BRATS_202_1.nii.gz,./imagesTr/BRATS_202_2.nii.gz,./imagesTr/BRATS_202_3.nii.gz,./labelsTr/BRATS_202.nii.gz
./imagesTr/BRATS_203_0.nii.gz,./imagesTr/BRATS_203_1.nii.gz,./imagesTr/BRATS_203_2.nii.gz,./imagesTr/BRATS_203_3.nii.gz,./labelsTr/BRATS_203.nii.gz
./imagesTr/BRATS_204_0.nii.gz,./imagesTr/BRATS_204_1.nii.gz,./imagesTr/BRATS_204_2.nii.gz,./imagesTr/BRATS_204_3.nii.gz,./labelsTr/BRATS_204.nii.gz
./imagesTr/BRATS_205_0.nii.gz,./imagesTr/BRATS_205_1.nii.gz,./imagesTr/BRATS_205_2.nii.gz,./imagesTr/BRATS_205_3.nii.gz,./labelsTr/BRATS_205.nii.gz
./imagesTr/BRATS_206_0.nii.gz,./imagesTr/BRATS_206_1.nii.gz,./imagesTr/BRATS_206_2.nii.gz,./imagesTr/BRATS_206_3.nii.gz,./labelsTr/BRATS_206.nii.gz
./imagesTr/BRATS_207_0.nii.gz,./imagesTr/BRATS_207_1.nii.gz,./imagesTr/BRATS_207_2.nii.gz,./imagesTr/BRATS_207_3.nii.gz,./labelsTr/BRATS_207.nii.gz
./imagesTr/BRATS_209_0.nii.gz,./imagesTr/BRATS_209_1.nii.gz,./imagesTr/BRATS_209_2.nii.gz,./imagesTr/BRATS_209_3.nii.gz,./labelsTr/BRATS_209.nii.gz
./imagesTr/BRATS_210_0.nii.gz,./imagesTr/BRATS_210_1.nii.gz,./imagesTr/BRATS_210_2.nii.gz,./imagesTr/BRATS_210_3.nii.gz,./labelsTr/BRATS_210.nii.gz
./imagesTr/BRATS_211_0.nii.gz,./imagesTr/BRATS_211_1.nii.gz,./imagesTr/BRATS_211_2.nii.gz,./imagesTr/BRATS_211_3.nii.gz,./labelsTr/BRATS_211.nii.gz
./imagesTr/BRATS_214_0.nii.gz,./imagesTr/BRATS_214_1.nii.gz,./imagesTr/BRATS_214_2.nii.gz,./imagesTr/BRATS_214_3.nii.gz,./labelsTr/BRATS_214.nii.gz
./imagesTr/BRATS_215_0.nii.gz,./imagesTr/BRATS_215_1.nii.gz,./imagesTr/BRATS_215_2.nii.gz,./imagesTr/BRATS_215_3.nii.gz,./labelsTr/BRATS_215.nii.gz
./imagesTr/BRATS_217_0.nii.gz,./imagesTr/BRATS_217_1.nii.gz,./imagesTr/BRATS_217_2.nii.gz,./imagesTr/BRATS_217_3.nii.gz,./labelsTr/BRATS_217.nii.gz
./imagesTr/BRATS_218_0.nii.gz,./imagesTr/BRATS_218_1.nii.gz,./imagesTr/BRATS_218_2.nii.gz,./imagesTr/BRATS_218_3.nii.gz,./labelsTr/BRATS_218.nii.gz
./imagesTr/BRATS_219_0.nii.gz,./imagesTr/BRATS_219_1.nii.gz,./imagesTr/BRATS_219_2.nii.gz,./imagesTr/BRATS_219_3.nii.gz,./labelsTr/BRATS_219.nii.gz
./imagesTr/BRATS_221_0.nii.gz,./imagesTr/BRATS_221_1.nii.gz,./imagesTr/BRATS_221_2.nii.gz,./imagesTr/BRATS_221_3.nii.gz,./labelsTr/BRATS_221.nii.gz
./imagesTr/BRATS_225_0.nii.gz,./imagesTr/BRATS_225_1.nii.gz,./imagesTr/BRATS_225_2.nii.gz,./imagesTr/BRATS_225_3.nii.gz,./labelsTr/BRATS_225.nii.gz
./imagesTr/BRATS_228_0.nii.gz,./imagesTr/BRATS_228_1.nii.gz,./imagesTr/BRATS_228_2.nii.gz,./imagesTr/BRATS_228_3.nii.gz,./labelsTr/BRATS_228.nii.gz
./imagesTr/BRATS_232_0.nii.gz,./imagesTr/BRATS_232_1.nii.gz,./imagesTr/BRATS_232_2.nii.gz,./imagesTr/BRATS_232_3.nii.gz,./labelsTr/BRATS_232.nii.gz
./imagesTr/BRATS_233_0.nii.gz,./imagesTr/BRATS_233_1.nii.gz,./imagesTr/BRATS_233_2.nii.gz,./imagesTr/BRATS_233_3.nii.gz,./labelsTr/BRATS_233.nii.gz
./imagesTr/BRATS_235_0.nii.gz,./imagesTr/BRATS_235_1.nii.gz,./imagesTr/BRATS_235_2.nii.gz,./imagesTr/BRATS_235_3.nii.gz,./labelsTr/BRATS_235.nii.gz
./imagesTr/BRATS_236_0.nii.gz,./imagesTr/BRATS_236_1.nii.gz,./imagesTr/BRATS_236_2.nii.gz,./imagesTr/BRATS_236_3.nii.gz,./labelsTr/BRATS_236.nii.gz
./imagesTr/BRATS_238_0.nii.gz,./imagesTr/BRATS_238_1.nii.gz,./imagesTr/BRATS_238_2.nii.gz,./imagesTr/BRATS_238_3.nii.gz,./labelsTr/BRATS_238.nii.gz
./imagesTr/BRATS_239_0.nii.gz,./imagesTr/BRATS_239_1.nii.gz,./imagesTr/BRATS_239_2.nii.gz,./imagesTr/BRATS_239_3.nii.gz,./labelsTr/BRATS_239.nii.gz
./imagesTr/BRATS_240_0.nii.gz,./imagesTr/BRATS_240_1.nii.gz,./imagesTr/BRATS_240_2.nii.gz,./imagesTr/BRATS_240_3.nii.gz,./labelsTr/BRATS_240.nii.gz
./imagesTr/BRATS_242_0.nii.gz,./imagesTr/BRATS_242_1.nii.gz,./imagesTr/BRATS_242_2.nii.gz,./imagesTr/BRATS_242_3.nii.gz,./labelsTr/BRATS_242.nii.gz
./imagesTr/BRATS_243_0.nii.gz,./imagesTr/BRATS_243_1.nii.gz,./imagesTr/BRATS_243_2.nii.gz,./imagesTr/BRATS_243_3.nii.gz,./labelsTr/BRATS_243.nii.gz
./imagesTr/BRATS_244_0.nii.gz,./imagesTr/BRATS_244_1.nii.gz,./imagesTr/BRATS_244_2.nii.gz,./imagesTr/BRATS_244_3.nii.gz,./labelsTr/BRATS_244.nii.gz
./imagesTr/BRATS_245_0.nii.gz,./imagesTr/BRATS_245_1.nii.gz,./imagesTr/BRATS_245_2.nii.gz,./imagesTr/BRATS_245_3.nii.gz,./labelsTr/BRATS_245.nii.gz
./imagesTr/BRATS_247_0.nii.gz,./imagesTr/BRATS_247_1.nii.gz,./imagesTr/BRATS_247_2.nii.gz,./imagesTr/BRATS_247_3.nii.gz,./labelsTr/BRATS_247.nii.gz
./imagesTr/BRATS_249_0.nii.gz,./imagesTr/BRATS_249_1.nii.gz,./imagesTr/BRATS_249_2.nii.gz,./imagesTr/BRATS_249_3.nii.gz,./labelsTr/BRATS_249.nii.gz
./imagesTr/BRATS_250_0.nii.gz,./imagesTr/BRATS_250_1.nii.gz,./imagesTr/BRATS_250_2.nii.gz,./imagesTr/BRATS_250_3.nii.gz,./labelsTr/BRATS_250.nii.gz
./imagesTr/BRATS_253_0.nii.gz,./imagesTr/BRATS_253_1.nii.gz,./imagesTr/BRATS_253_2.nii.gz,./imagesTr/BRATS_253_3.nii.gz,./labelsTr/BRATS_253.nii.gz
./imagesTr/BRATS_258_0.nii.gz,./imagesTr/BRATS_258_1.nii.gz,./imagesTr/BRATS_258_2.nii.gz,./imagesTr/BRATS_258_3.nii.gz,./labelsTr/BRATS_258.nii.gz
./imagesTr/BRATS_259_0.nii.gz,./imagesTr/BRATS_259_1.nii.gz,./imagesTr/BRATS_259_2.nii.gz,./imagesTr/BRATS_259_3.nii.gz,./labelsTr/BRATS_259.nii.gz
./imagesTr/BRATS_260_0.nii.gz,./imagesTr/BRATS_260_1.nii.gz,./imagesTr/BRATS_260_2.nii.gz,./imagesTr/BRATS_260_3.nii.gz,./labelsTr/BRATS_260.nii.gz
./imagesTr/BRATS_261_0.nii.gz,./imagesTr/BRATS_261_1.nii.gz,./imagesTr/BRATS_261_2.nii.gz,./imagesTr/BRATS_261_3.nii.gz,./labelsTr/BRATS_261.nii.gz
./imagesTr/BRATS_262_0.nii.gz,./imagesTr/BRATS_262_1.nii.gz,./imagesTr/BRATS_262_2.nii.gz,./imagesTr/BRATS_262_3.nii.gz,./labelsTr/BRATS_262.nii.gz
./imagesTr/BRATS_263_0.nii.gz,./imagesTr/BRATS_263_1.nii.gz,./imagesTr/BRATS_263_2.nii.gz,./imagesTr/BRATS_263_3.nii.gz,./labelsTr/BRATS_263.nii.gz
./imagesTr/BRATS_264_0.nii.gz,./imagesTr/BRATS_264_1.nii.gz,./imagesTr/BRATS_264_2.nii.gz,./imagesTr/BRATS_264_3.nii.gz,./labelsTr/BRATS_264.nii.gz
./imagesTr/BRATS_265_0.nii.gz,./imagesTr/BRATS_265_1.nii.gz,./imagesTr/BRATS_265_2.nii.gz,./imagesTr/BRATS_265_3.nii.gz,./labelsTr/BRATS_265.nii.gz
./imagesTr/BRATS_266_0.nii.gz,./imagesTr/BRATS_266_1.nii.gz,./imagesTr/BRATS_266_2.nii.gz,./imagesTr/BRATS_266_3.nii.gz,./labelsTr/BRATS_266.nii.gz
./imagesTr/BRATS_270_0.nii.gz,./imagesTr/BRATS_270_1.nii.gz,./imagesTr/BRATS_270_2.nii.gz,./imagesTr/BRATS_270_3.nii.gz,./labelsTr/BRATS_270.nii.gz
./imagesTr/BRATS_271_0.nii.gz,./imagesTr/BRATS_271_1.nii.gz,./imagesTr/BRATS_271_2.nii.gz,./imagesTr/BRATS_271_3.nii.gz,./labelsTr/BRATS_271.nii.gz
./imagesTr/BRATS_272_0.nii.gz,./imagesTr/BRATS_272_1.nii.gz,./imagesTr/BRATS_272_2.nii.gz,./imagesTr/BRATS_272_3.nii.gz,./labelsTr/BRATS_272.nii.gz
./imagesTr/BRATS_273_0.nii.gz,./imagesTr/BRATS_273_1.nii.gz,./imagesTr/BRATS_273_2.nii.gz,./imagesTr/BRATS_273_3.nii.gz,./labelsTr/BRATS_273.nii.gz
./imagesTr/BRATS_276_0.nii.gz,./imagesTr/BRATS_276_1.nii.gz,./imagesTr/BRATS_276_2.nii.gz,./imagesTr/BRATS_276_3.nii.gz,./labelsTr/BRATS_276.nii.gz
./imagesTr/BRATS_277_0.nii.gz,./imagesTr/BRATS_277_1.nii.gz,./imagesTr/BRATS_277_2.nii.gz,./imagesTr/BRATS_277_3.nii.gz,./labelsTr/BRATS_277.nii.gz
./imagesTr/BRATS_278_0.nii.gz,./imagesTr/BRATS_278_1.nii.gz,./imagesTr/BRATS_278_2.nii.gz,./imagesTr/BRATS_278_3.nii.gz,./labelsTr/BRATS_278.nii.gz
./imagesTr/BRATS_280_0.nii.gz,./imagesTr/BRATS_280_1.nii.gz,./imagesTr/BRATS_280_2.nii.gz,./imagesTr/BRATS_280_3.nii.gz,./labelsTr/BRATS_280.nii.gz
./imagesTr/BRATS_281_0.nii.gz,./imagesTr/BRATS_281_1.nii.gz,./imagesTr/BRATS_281_2.nii.gz,./imagesTr/BRATS_281_3.nii.gz,./labelsTr/BRATS_281.nii.gz
./imagesTr/BRATS_283_0.nii.gz,./imagesTr/BRATS_283_1.nii.gz,./imagesTr/BRATS_283_2.nii.gz,./imagesTr/BRATS_283_3.nii.gz,./labelsTr/BRATS_283.nii.gz
./imagesTr/BRATS_284_0.nii.gz,./imagesTr/BRATS_284_1.nii.gz,./imagesTr/BRATS_284_2.nii.gz,./imagesTr/BRATS_284_3.nii.gz,./labelsTr/BRATS_284.nii.gz
./imagesTr/BRATS_285_0.nii.gz,./imagesTr/BRATS_285_1.nii.gz,./imagesTr/BRATS_285_2.nii.gz,./imagesTr/BRATS_285_3.nii.gz,./labelsTr/BRATS_285.nii.gz
./imagesTr/BRATS_286_0.nii.gz,./imagesTr/BRATS_286_1.nii.gz,./imagesTr/BRATS_286_2.nii.gz,./imagesTr/BRATS_286_3.nii.gz,./labelsTr/BRATS_286.nii.gz
./imagesTr/BRATS_287_0.nii.gz,./imagesTr/BRATS_287_1.nii.gz,./imagesTr/BRATS_287_2.nii.gz,./imagesTr/BRATS_287_3.nii.gz,./labelsTr/BRATS_287.nii.gz
./imagesTr/BRATS_288_0.nii.gz,./imagesTr/BRATS_288_1.nii.gz,./imagesTr/BRATS_288_2.nii.gz,./imagesTr/BRATS_288_3.nii.gz,./labelsTr/BRATS_288.nii.gz
./imagesTr/BRATS_289_0.nii.gz,./imagesTr/BRATS_289_1.nii.gz,./imagesTr/BRATS_289_2.nii.gz,./imagesTr/BRATS_289_3.nii.gz,./labelsTr/BRATS_289.nii.gz
./imagesTr/BRATS_290_0.nii.gz,./imagesTr/BRATS_290_1.nii.gz,./imagesTr/BRATS_290_2.nii.gz,./imagesTr/BRATS_290_3.nii.gz,./labelsTr/BRATS_290.nii.gz
./imagesTr/BRATS_292_0.nii.gz,./imagesTr/BRATS_292_1.nii.gz,./imagesTr/BRATS_292_2.nii.gz,./imagesTr/BRATS_292_3.nii.gz,./labelsTr/BRATS_292.nii.gz
./imagesTr/BRATS_294_0.nii.gz,./imagesTr/BRATS_294_1.nii.gz,./imagesTr/BRATS_294_2.nii.gz,./imagesTr/BRATS_294_3.nii.gz,./labelsTr/BRATS_294.nii.gz
./imagesTr/BRATS_295_0.nii.gz,./imagesTr/BRATS_295_1.nii.gz,./imagesTr/BRATS_295_2.nii.gz,./imagesTr/BRATS_295_3.nii.gz,./labelsTr/BRATS_295.nii.gz
./imagesTr/BRATS_297_0.nii.gz,./imagesTr/BRATS_297_1.nii.gz,./imagesTr/BRATS_297_2.nii.gz,./imagesTr/BRATS_297_3.nii.gz,./labelsTr/BRATS_297.nii.gz
./imagesTr/BRATS_298_0.nii.gz,./imagesTr/BRATS_298_1.nii.gz,./imagesTr/BRATS_298_2.nii.gz,./imagesTr/BRATS_298_3.nii.gz,./labelsTr/BRATS_298.nii.gz
./imagesTr/BRATS_301_0.nii.gz,./imagesTr/BRATS_301_1.nii.gz,./imagesTr/BRATS_301_2.nii.gz,./imagesTr/BRATS_301_3.nii.gz,./labelsTr/BRATS_301.nii.gz
./imagesTr/BRATS_302_0.nii.gz,./imagesTr/BRATS_302_1.nii.gz,./imagesTr/BRATS_302_2.nii.gz,./imagesTr/BRATS_302_3.nii.gz,./labelsTr/BRATS_302.nii.gz
./imagesTr/BRATS_303_0.nii.gz,./imagesTr/BRATS_303_1.nii.gz,./imagesTr/BRATS_303_2.nii.gz,./imagesTr/BRATS_303_3.nii.gz,./labelsTr/BRATS_303.nii.gz
./imagesTr/BRATS_304_0.nii.gz,./imagesTr/BRATS_304_1.nii.gz,./imagesTr/BRATS_304_2.nii.gz,./imagesTr/BRATS_304_3.nii.gz,./labelsTr/BRATS_304.nii.gz
./imagesTr/BRATS_305_0.nii.gz,./imagesTr/BRATS_305_1.nii.gz,./imagesTr/BRATS_305_2.nii.gz,./imagesTr/BRATS_305_3.nii.gz,./labelsTr/BRATS_305.nii.gz
./imagesTr/BRATS_306_0.nii.gz,./imagesTr/BRATS_306_1.nii.gz,./imagesTr/BRATS_306_2.nii.gz,./imagesTr/BRATS_306_3.nii.gz,./labelsTr/BRATS_306.nii.gz
./imagesTr/BRATS_307_0.nii.gz,./imagesTr/BRATS_307_1.nii.gz,./imagesTr/BRATS_307_2.nii.gz,./imagesTr/BRATS_307_3.nii.gz,./labelsTr/BRATS_307.nii.gz
./imagesTr/BRATS_310_0.nii.gz,./imagesTr/BRATS_310_1.nii.gz,./imagesTr/BRATS_310_2.nii.gz,./imagesTr/BRATS_310_3.nii.gz,./labelsTr/BRATS_310.nii.gz
./imagesTr/BRATS_312_0.nii.gz,./imagesTr/BRATS_312_1.nii.gz,./imagesTr/BRATS_312_2.nii.gz,./imagesTr/BRATS_312_3.nii.gz,./labelsTr/BRATS_312.nii.gz
./imagesTr/BRATS_313_0.nii.gz,./imagesTr/BRATS_313_1.nii.gz,./imagesTr/BRATS_313_2.nii.gz,./imagesTr/BRATS_313_3.nii.gz,./labelsTr/BRATS_313.nii.gz
./imagesTr/BRATS_314_0.nii.gz,./imagesTr/BRATS_314_1.nii.gz,./imagesTr/BRATS_314_2.nii.gz,./imagesTr/BRATS_314_3.nii.gz,./labelsTr/BRATS_314.nii.gz
./imagesTr/BRATS_316_0.nii.gz,./imagesTr/BRATS_316_1.nii.gz,./imagesTr/BRATS_316_2.nii.gz,./imagesTr/BRATS_316_3.nii.gz,./labelsTr/BRATS_316.nii.gz
./imagesTr/BRATS_318_0.nii.gz,./imagesTr/BRATS_318_1.nii.gz,./imagesTr/BRATS_318_2.nii.gz,./imagesTr/BRATS_318_3.nii.gz,./labelsTr/BRATS_318.nii.gz
./imagesTr/BRATS_319_0.nii.gz,./imagesTr/BRATS_319_1.nii.gz,./imagesTr/BRATS_319_2.nii.gz,./imagesTr/BRATS_319_3.nii.gz,./labelsTr/BRATS_319.nii.gz
./imagesTr/BRATS_320_0.nii.gz,./imagesTr/BRATS_320_1.nii.gz,./imagesTr/BRATS_320_2.nii.gz,./imagesTr/BRATS_320_3.nii.gz,./labelsTr/BRATS_320.nii.gz
./imagesTr/BRATS_321_0.nii.gz,./imagesTr/BRATS_321_1.nii.gz,./imagesTr/BRATS_321_2.nii.gz,./imagesTr/BRATS_321_3.nii.gz,./labelsTr/BRATS_321.nii.gz
./imagesTr/BRATS_322_0.nii.gz,./imagesTr/BRATS_322_1.nii.gz,./imagesTr/BRATS_322_2.nii.gz,./imagesTr/BRATS_322_3.nii.gz,./labelsTr/BRATS_322.nii.gz
./imagesTr/BRATS_323_0.nii.gz,./imagesTr/BRATS_323_1.nii.gz,./imagesTr/BRATS_323_2.nii.gz,./imagesTr/BRATS_323_3.nii.gz,./labelsTr/BRATS_323.nii.gz
./imagesTr/BRATS_324_0.nii.gz,./imagesTr/BRATS_324_1.nii.gz,./imagesTr/BRATS_324_2.nii.gz,./imagesTr/BRATS_324_3.nii.gz,./labelsTr/BRATS_324.nii.gz
./imagesTr/BRATS_325_0.nii.gz,./imagesTr/BRATS_325_1.nii.gz,./imagesTr/BRATS_325_2.nii.gz,./imagesTr/BRATS_325_3.nii.gz,./labelsTr/BRATS_325.nii.gz
./imagesTr/BRATS_326_0.nii.gz,./imagesTr/BRATS_326_1.nii.gz,./imagesTr/BRATS_326_2.nii.gz,./imagesTr/BRATS_326_3.nii.gz,./labelsTr/BRATS_326.nii.gz
./imagesTr/BRATS_327_0.nii.gz,./imagesTr/BRATS_327_1.nii.gz,./imagesTr/BRATS_327_2.nii.gz,./imagesTr/BRATS_327_3.nii.gz,./labelsTr/BRATS_327.nii.gz
./imagesTr/BRATS_328_0.nii.gz,./imagesTr/BRATS_328_1.nii.gz,./imagesTr/BRATS_328_2.nii.gz,./imagesTr/BRATS_328_3.nii.gz,./labelsTr/BRATS_328.nii.gz
./imagesTr/BRATS_329_0.nii.gz,./imagesTr/BRATS_329_1.nii.gz,./imagesTr/BRATS_329_2.nii.gz,./imagesTr/BRATS_329_3.nii.gz,./labelsTr/BRATS_329.nii.gz
./imagesTr/BRATS_330_0.nii.gz,./imagesTr/BRATS_330_1.nii.gz,./imagesTr/BRATS_330_2.nii.gz,./imagesTr/BRATS_330_3.nii.gz,./labelsTr/BRATS_330.nii.gz
./imagesTr/BRATS_331_0.nii.gz,./imagesTr/BRATS_331_1.nii.gz,./imagesTr/BRATS_331_2.nii.gz,./imagesTr/BRATS_331_3.nii.gz,./labelsTr/BRATS_331.nii.gz
./imagesTr/BRATS_332_0.nii.gz,./imagesTr/BRATS_332_1.nii.gz,./imagesTr/BRATS_332_2.nii.gz,./imagesTr/BRATS_332_3.nii.gz,./labelsTr/BRATS_332.nii.gz
./imagesTr/BRATS_334_0.nii.gz,./imagesTr/BRATS_334_1.nii.gz,./imagesTr/BRATS_334_2.nii.gz,./imagesTr/BRATS_334_3.nii.gz,./labelsTr/BRATS_334.nii.gz
./imagesTr/BRATS_336_0.nii.gz,./imagesTr/BRATS_336_1.nii.gz,./imagesTr/BRATS_336_2.nii.gz,./imagesTr/BRATS_336_3.nii.gz,./labelsTr/BRATS_336.nii.gz
./imagesTr/BRATS_338_0.nii.gz,./imagesTr/BRATS_338_1.nii.gz,./imagesTr/BRATS_338_2.nii.gz,./imagesTr/BRATS_338_3.nii.gz,./labelsTr/BRATS_338.nii.gz
./imagesTr/BRATS_340_0.nii.gz,./imagesTr/BRATS_340_1.nii.gz,./imagesTr/BRATS_340_2.nii.gz,./imagesTr/BRATS_340_3.nii.gz,./labelsTr/BRATS_340.nii.gz
./imagesTr/BRATS_341_0.nii.gz,./imagesTr/BRATS_341_1.nii.gz,./imagesTr/BRATS_341_2.nii.gz,./imagesTr/BRATS_341_3.nii.gz,./labelsTr/BRATS_341.nii.gz
./imagesTr/BRATS_343_0.nii.gz,./imagesTr/BRATS_343_1.nii.gz,./imagesTr/BRATS_343_2.nii.gz,./imagesTr/BRATS_343_3.nii.gz,./labelsTr/BRATS_343.nii.gz
./imagesTr/BRATS_344_0.nii.gz,./imagesTr/BRATS_344_1.nii.gz,./imagesTr/BRATS_344_2.nii.gz,./imagesTr/BRATS_344_3.nii.gz,./labelsTr/BRATS_344.nii.gz
./imagesTr/BRATS_347_0.nii.gz,./imagesTr/BRATS_347_1.nii.gz,./imagesTr/BRATS_347_2.nii.gz,./imagesTr/BRATS_347_3.nii.gz,./labelsTr/BRATS_347.nii.gz
./imagesTr/BRATS_348_0.nii.gz,./imagesTr/BRATS_348_1.nii.gz,./imagesTr/BRATS_348_2.nii.gz,./imagesTr/BRATS_348_3.nii.gz,./labelsTr/BRATS_348.nii.gz
./imagesTr/BRATS_350_0.nii.gz,./imagesTr/BRATS_350_1.nii.gz,./imagesTr/BRATS_350_2.nii.gz,./imagesTr/BRATS_350_3.nii.gz,./labelsTr/BRATS_350.nii.gz
./imagesTr/BRATS_351_0.nii.gz,./imagesTr/BRATS_351_1.nii.gz,./imagesTr/BRATS_351_2.nii.gz,./imagesTr/BRATS_351_3.nii.gz,./labelsTr/BRATS_351.nii.gz
./imagesTr/BRATS_353_0.nii.gz,./imagesTr/BRATS_353_1.nii.gz,./imagesTr/BRATS_353_2.nii.gz,./imagesTr/BRATS_353_3.nii.gz,./labelsTr/BRATS_353.nii.gz
./imagesTr/BRATS_354_0.nii.gz,./imagesTr/BRATS_354_1.nii.gz,./imagesTr/BRATS_354_2.nii.gz,./imagesTr/BRATS_354_3.nii.gz,./labelsTr/BRATS_354.nii.gz
./imagesTr/BRATS_355_0.nii.gz,./imagesTr/BRATS_355_1.nii.gz,./imagesTr/BRATS_355_2.nii.gz,./imagesTr/BRATS_355_3.nii.gz,./labelsTr/BRATS_355.nii.gz
./imagesTr/BRATS_356_0.nii.gz,./imagesTr/BRATS_356_1.nii.gz,./imagesTr/BRATS_356_2.nii.gz,./imagesTr/BRATS_356_3.nii.gz,./labelsTr/BRATS_356.nii.gz
./imagesTr/BRATS_357_0.nii.gz,./imagesTr/BRATS_357_1.nii.gz,./imagesTr/BRATS_357_2.nii.gz,./imagesTr/BRATS_357_3.nii.gz,./labelsTr/BRATS_357.nii.gz
./imagesTr/BRATS_358_0.nii.gz,./imagesTr/BRATS_358_1.nii.gz,./imagesTr/BRATS_358_2.nii.gz,./imagesTr/BRATS_358_3.nii.gz,./labelsTr/BRATS_358.nii.gz
./imagesTr/BRATS_359_0.nii.gz,./imagesTr/BRATS_359_1.nii.gz,./imagesTr/BRATS_359_2.nii.gz,./imagesTr/BRATS_359_3.nii.gz,./labelsTr/BRATS_359.nii.gz
./imagesTr/BRATS_360_0.nii.gz,./imagesTr/BRATS_360_1.nii.gz,./imagesTr/BRATS_360_2.nii.gz,./imagesTr/BRATS_360_3.nii.gz,./labelsTr/BRATS_360.nii.gz
./imagesTr/BRATS_361_0.nii.gz,./imagesTr/BRATS_361_1.nii.gz,./imagesTr/BRATS_361_2.nii.gz,./imagesTr/BRATS_361_3.nii.gz,./labelsTr/BRATS_361.nii.gz
./imagesTr/BRATS_362_0.nii.gz,./imagesTr/BRATS_362_1.nii.gz,./imagesTr/BRATS_362_2.nii.gz,./imagesTr/BRATS_362_3.nii.gz,./labelsTr/BRATS_362.nii.gz
./imagesTr/BRATS_363_0.nii.gz,./imagesTr/BRATS_363_1.nii.gz,./imagesTr/BRATS_363_2.nii.gz,./imagesTr/BRATS_363_3.nii.gz,./labelsTr/BRATS_363.nii.gz
./imagesTr/BRATS_364_0.nii.gz,./imagesTr/BRATS_364_1.nii.gz,./imagesTr/BRATS_364_2.nii.gz,./imagesTr/BRATS_364_3.nii.gz,./labelsTr/BRATS_364.nii.gz
./imagesTr/BRATS_365_0.nii.gz,./imagesTr/BRATS_365_1.nii.gz,./imagesTr/BRATS_365_2.nii.gz,./imagesTr/BRATS_365_3.nii.gz,./labelsTr/BRATS_365.nii.gz
./imagesTr/BRATS_366_0.nii.gz,./imagesTr/BRATS_366_1.nii.gz,./imagesTr/BRATS_366_2.nii.gz,./imagesTr/BRATS_366_3.nii.gz,./labelsTr/BRATS_366.nii.gz
./imagesTr/BRATS_367_0.nii.gz,./imagesTr/BRATS_367_1.nii.gz,./imagesTr/BRATS_367_2.nii.gz,./imagesTr/BRATS_367_3.nii.gz,./labelsTr/BRATS_367.nii.gz
./imagesTr/BRATS_368_0.nii.gz,./imagesTr/BRATS_368_1.nii.gz,./imagesTr/BRATS_368_2.nii.gz,./imagesTr/BRATS_368_3.nii.gz,./labelsTr/BRATS_368.nii.gz
./imagesTr/BRATS_369_0.nii.gz,./imagesTr/BRATS_369_1.nii.gz,./imagesTr/BRATS_369_2.nii.gz,./imagesTr/BRATS_369_3.nii.gz,./labelsTr/BRATS_369.nii.gz
./imagesTr/BRATS_370_0.nii.gz,./imagesTr/BRATS_370_1.nii.gz,./imagesTr/BRATS_370_2.nii.gz,./imagesTr/BRATS_370_3.nii.gz,./labelsTr/BRATS_370.nii.gz
./imagesTr/BRATS_371_0.nii.gz,./imagesTr/BRATS_371_1.nii.gz,./imagesTr/BRATS_371_2.nii.gz,./imagesTr/BRATS_371_3.nii.gz,./labelsTr/BRATS_371.nii.gz
./imagesTr/BRATS_372_0.nii.gz,./imagesTr/BRATS_372_1.nii.gz,./imagesTr/BRATS_372_2.nii.gz,./imagesTr/BRATS_372_3.nii.gz,./labelsTr/BRATS_372.nii.gz
./imagesTr/BRATS_373_0.nii.gz,./imagesTr/BRATS_373_1.nii.gz,./imagesTr/BRATS_373_2.nii.gz,./imagesTr/BRATS_373_3.nii.gz,./labelsTr/BRATS_373.nii.gz
./imagesTr/BRATS_374_0.nii.gz,./imagesTr/BRATS_374_1.nii.gz,./imagesTr/BRATS_374_2.nii.gz,./imagesTr/BRATS_374_3.nii.gz,./labelsTr/BRATS_374.nii.gz
./imagesTr/BRATS_375_0.nii.gz,./imagesTr/BRATS_375_1.nii.gz,./imagesTr/BRATS_375_2.nii.gz,./imagesTr/BRATS_375_3.nii.gz,./labelsTr/BRATS_375.nii.gz
./imagesTr/BRATS_376_0.nii.gz,./imagesTr/BRATS_376_1.nii.gz,./imagesTr/BRATS_376_2.nii.gz,./imagesTr/BRATS_376_3.nii.gz,./labelsTr/BRATS_376.nii.gz
./imagesTr/BRATS_377_0.nii.gz,./imagesTr/BRATS_377_1.nii.gz,./imagesTr/BRATS_377_2.nii.gz,./imagesTr/BRATS_377_3.nii.gz,./labelsTr/BRATS_377.nii.gz
./imagesTr/BRATS_378_0.nii.gz,./imagesTr/BRATS_378_1.nii.gz,./imagesTr/BRATS_378_2.nii.gz,./imagesTr/BRATS_378_3.nii.gz,./labelsTr/BRATS_378.nii.gz
./imagesTr/BRATS_379_0.nii.gz,./imagesTr/BRATS_379_1.nii.gz,./imagesTr/BRATS_379_2.nii.gz,./imagesTr/BRATS_379_3.nii.gz,./labelsTr/BRATS_379.nii.gz
./imagesTr/BRATS_380_0.nii.gz,./imagesTr/BRATS_380_1.nii.gz,./imagesTr/BRATS_380_2.nii.gz,./imagesTr/BRATS_380_3.nii.gz,./labelsTr/BRATS_380.nii.gz
./imagesTr/BRATS_381_0.nii.gz,./imagesTr/BRATS_381_1.nii.gz,./imagesTr/BRATS_381_2.nii.gz,./imagesTr/BRATS_381_3.nii.gz,./labelsTr/BRATS_381.nii.gz
./imagesTr/BRATS_383_0.nii.gz,./imagesTr/BRATS_383_1.nii.gz,./imagesTr/BRATS_383_2.nii.gz,./imagesTr/BRATS_383_3.nii.gz,./labelsTr/BRATS_383.nii.gz
./imagesTr/BRATS_384_0.nii.gz,./imagesTr/BRATS_384_1.nii.gz,./imagesTr/BRATS_384_2.nii.gz,./imagesTr/BRATS_384_3.nii.gz,./labelsTr/BRATS_384.nii.gz
./imagesTr/BRATS_385_0.nii.gz,./imagesTr/BRATS_385_1.nii.gz,./imagesTr/BRATS_385_2.nii.gz,./imagesTr/BRATS_385_3.nii.gz,./labelsTr/BRATS_385.nii.gz
./imagesTr/BRATS_386_0.nii.gz,./imagesTr/BRATS_386_1.nii.gz,./imagesTr/BRATS_386_2.nii.gz,./imagesTr/BRATS_386_3.nii.gz,./labelsTr/BRATS_386.nii.gz
./imagesTr/BRATS_387_0.nii.gz,./imagesTr/BRATS_387_1.nii.gz,./imagesTr/BRATS_387_2.nii.gz,./imagesTr/BRATS_387_3.nii.gz,./labelsTr/BRATS_387.nii.gz
./imagesTr/BRATS_388_0.nii.gz,./imagesTr/BRATS_388_1.nii.gz,./imagesTr/BRATS_388_2.nii.gz,./imagesTr/BRATS_388_3.nii.gz,./labelsTr/BRATS_388.nii.gz
./imagesTr/BRATS_389_0.nii.gz,./imagesTr/BRATS_389_1.nii.gz,./imagesTr/BRATS_389_2.nii.gz,./imagesTr/BRATS_389_3.nii.gz,./labelsTr/BRATS_389.nii.gz
./imagesTr/BRATS_390_0.nii.gz,./imagesTr/BRATS_390_1.nii.gz,./imagesTr/BRATS_390_2.nii.gz,./imagesTr/BRATS_390_3.nii.gz,./labelsTr/BRATS_390.nii.gz
./imagesTr/BRATS_391_0.nii.gz,./imagesTr/BRATS_391_1.nii.gz,./imagesTr/BRATS_391_2.nii.gz,./imagesTr/BRATS_391_3.nii.gz,./labelsTr/BRATS_391.nii.gz
./imagesTr/BRATS_393_0.nii.gz,./imagesTr/BRATS_393_1.nii.gz,./imagesTr/BRATS_393_2.nii.gz,./imagesTr/BRATS_393_3.nii.gz,./labelsTr/BRATS_393.nii.gz
./imagesTr/BRATS_395_0.nii.gz,./imagesTr/BRATS_395_1.nii.gz,./imagesTr/BRATS_395_2.nii.gz,./imagesTr/BRATS_395_3.nii.gz,./labelsTr/BRATS_395.nii.gz
./imagesTr/BRATS_397_0.nii.gz,./imagesTr/BRATS_397_1.nii.gz,./imagesTr/BRATS_397_2.nii.gz,./imagesTr/BRATS_397_3.nii.gz,./labelsTr/BRATS_397.nii.gz
./imagesTr/BRATS_398_0.nii.gz,./imagesTr/BRATS_398_1.nii.gz,./imagesTr/BRATS_398_2.nii.gz,./imagesTr/BRATS_398_3.nii.gz,./labelsTr/BRATS_398.nii.gz
./imagesTr/BRATS_399_0.nii.gz,./imagesTr/BRATS_399_1.nii.gz,./imagesTr/BRATS_399_2.nii.gz,./imagesTr/BRATS_399_3.nii.gz,./labelsTr/BRATS_399.nii.gz
./imagesTr/BRATS_400_0.nii.gz,./imagesTr/BRATS_400_1.nii.gz,./imagesTr/BRATS_400_2.nii.gz,./imagesTr/BRATS_400_3.nii.gz,./labelsTr/BRATS_400.nii.gz
./imagesTr/BRATS_402_0.nii.gz,./imagesTr/BRATS_402_1.nii.gz,./imagesTr/BRATS_402_2.nii.gz,./imagesTr/BRATS_402_3.nii.gz,./labelsTr/BRATS_402.nii.gz
./imagesTr/BRATS_403_0.nii.gz,./imagesTr/BRATS_403_1.nii.gz,./imagesTr/BRATS_403_2.nii.gz,./imagesTr/BRATS_403_3.nii.gz,./labelsTr/BRATS_403.nii.gz
./imagesTr/BRATS_404_0.nii.gz,./imagesTr/BRATS_404_1.nii.gz,./imagesTr/BRATS_404_2.nii.gz,./imagesTr/BRATS_404_3.nii.gz,./labelsTr/BRATS_404.nii.gz
./imagesTr/BRATS_405_0.nii.gz,./imagesTr/BRATS_405_1.nii.gz,./imagesTr/BRATS_405_2.nii.gz,./imagesTr/BRATS_405_3.nii.gz,./labelsTr/BRATS_405.nii.gz
./imagesTr/BRATS_406_0.nii.gz,./imagesTr/BRATS_406_1.nii.gz,./imagesTr/BRATS_406_2.nii.gz,./imagesTr/BRATS_406_3.nii.gz,./labelsTr/BRATS_406.nii.gz
./imagesTr/BRATS_408_0.nii.gz,./imagesTr/BRATS_408_1.nii.gz,./imagesTr/BRATS_408_2.nii.gz,./imagesTr/BRATS_408_3.nii.gz,./labelsTr/BRATS_408.nii.gz
./imagesTr/BRATS_409_0.nii.gz,./imagesTr/BRATS_409_1.nii.gz,./imagesTr/BRATS_409_2.nii.gz,./imagesTr/BRATS_409_3.nii.gz,./labelsTr/BRATS_409.nii.gz
./imagesTr/BRATS_410_0.nii.gz,./imagesTr/BRATS_410_1.nii.gz,./imagesTr/BRATS_410_2.nii.gz,./imagesTr/BRATS_410_3.nii.gz,./labelsTr/BRATS_410.nii.gz
./imagesTr/BRATS_411_0.nii.gz,./imagesTr/BRATS_411_1.nii.gz,./imagesTr/BRATS_411_2.nii.gz,./imagesTr/BRATS_411_3.nii.gz,./labelsTr/BRATS_411.nii.gz
./imagesTr/BRATS_412_0.nii.gz,./imagesTr/BRATS_412_1.nii.gz,./imagesTr/BRATS_412_2.nii.gz,./imagesTr/BRATS_412_3.nii.gz,./labelsTr/BRATS_412.nii.gz
./imagesTr/BRATS_414_0.nii.gz,./imagesTr/BRATS_414_1.nii.gz,./imagesTr/BRATS_414_2.nii.gz,./imagesTr/BRATS_414_3.nii.gz,./labelsTr/BRATS_414.nii.gz
./imagesTr/BRATS_415_0.nii.gz,./imagesTr/BRATS_415_1.nii.gz,./imagesTr/BRATS_415_2.nii.gz,./imagesTr/BRATS_415_3.nii.gz,./labelsTr/BRATS_415.nii.gz
./imagesTr/BRATS_418_0.nii.gz,./imagesTr/BRATS_418_1.nii.gz,./imagesTr/BRATS_418_2.nii.gz,./imagesTr/BRATS_418_3.nii.gz,./labelsTr/BRATS_418.nii.gz
./imagesTr/BRATS_419_0.nii.gz,./imagesTr/BRATS_419_1.nii.gz,./imagesTr/BRATS_419_2.nii.gz,./imagesTr/BRATS_419_3.nii.gz,./labelsTr/BRATS_419.nii.gz
./imagesTr/BRATS_420_0.nii.gz,./imagesTr/BRATS_420_1.nii.gz,./imagesTr/BRATS_420_2.nii.gz,./imagesTr/BRATS_420_3.nii.gz,./labelsTr/BRATS_420.nii.gz
./imagesTr/BRATS_421_0.nii.gz,./imagesTr/BRATS_421_1.nii.gz,./imagesTr/BRATS_421_2.nii.gz,./imagesTr/BRATS_421_3.nii.gz,./labelsTr/BRATS_421.nii.gz
./imagesTr/BRATS_423_0.nii.gz,./imagesTr/BRATS_423_1.nii.gz,./imagesTr/BRATS_423_2.nii.gz,./imagesTr/BRATS_423_3.nii.gz,./labelsTr/BRATS_423.nii.gz
./imagesTr/BRATS_425_0.nii.gz,./imagesTr/BRATS_425_1.nii.gz,./imagesTr/BRATS_425_2.nii.gz,./imagesTr/BRATS_425_3.nii.gz,./labelsTr/BRATS_425.nii.gz
./imagesTr/BRATS_427_0.nii.gz,./imagesTr/BRATS_427_1.nii.gz,./imagesTr/BRATS_427_2.nii.gz,./imagesTr/BRATS_427_3.nii.gz,./labelsTr/BRATS_427.nii.gz
./imagesTr/BRATS_428_0.nii.gz,./imagesTr/BRATS_428_1.nii.gz,./imagesTr/BRATS_428_2.nii.gz,./imagesTr/BRATS_428_3.nii.gz,./labelsTr/BRATS_428.nii.gz
./imagesTr/BRATS_429_0.nii.gz,./imagesTr/BRATS_429_1.nii.gz,./imagesTr/BRATS_429_2.nii.gz,./imagesTr/BRATS_429_3.nii.gz,./labelsTr/BRATS_429.nii.gz
./imagesTr/BRATS_430_0.nii.gz,./imagesTr/BRATS_430_1.nii.gz,./imagesTr/BRATS_430_2.nii.gz,./imagesTr/BRATS_430_3.nii.gz,./labelsTr/BRATS_430.nii.gz
./imagesTr/BRATS_431_0.nii.gz,./imagesTr/BRATS_431_1.nii.gz,./imagesTr/BRATS_431_2.nii.gz,./imagesTr/BRATS_431_3.nii.gz,./labelsTr/BRATS_431.nii.gz
./imagesTr/BRATS_432_0.nii.gz,./imagesTr/BRATS_432_1.nii.gz,./imagesTr/BRATS_432_2.nii.gz,./imagesTr/BRATS_432_3.nii.gz,./labelsTr/BRATS_432.nii.gz
./imagesTr/BRATS_433_0.nii.gz,./imagesTr/BRATS_433_1.nii.gz,./imagesTr/BRATS_433_2.nii.gz,./imagesTr/BRATS_433_3.nii.gz,./labelsTr/BRATS_433.nii.gz
./imagesTr/BRATS_437_0.nii.gz,./imagesTr/BRATS_437_1.nii.gz,./imagesTr/BRATS_437_2.nii.gz,./imagesTr/BRATS_437_3.nii.gz,./labelsTr/BRATS_437.nii.gz
./imagesTr/BRATS_438_0.nii.gz,./imagesTr/BRATS_438_1.nii.gz,./imagesTr/BRATS_438_2.nii.gz,./imagesTr/BRATS_438_3.nii.gz,./labelsTr/BRATS_438.nii.gz
./imagesTr/BRATS_439_0.nii.gz,./imagesTr/BRATS_439_1.nii.gz,./imagesTr/BRATS_439_2.nii.gz,./imagesTr/BRATS_439_3.nii.gz,./labelsTr/BRATS_439.nii.gz
./imagesTr/BRATS_444_0.nii.gz,./imagesTr/BRATS_444_1.nii.gz,./imagesTr/BRATS_444_2.nii.gz,./imagesTr/BRATS_444_3.nii.gz,./labelsTr/BRATS_444.nii.gz
./imagesTr/BRATS_447_0.nii.gz,./imagesTr/BRATS_447_1.nii.gz,./imagesTr/BRATS_447_2.nii.gz,./imagesTr/BRATS_447_3.nii.gz,./labelsTr/BRATS_447.nii.gz
./imagesTr/BRATS_451_0.nii.gz,./imagesTr/BRATS_451_1.nii.gz,./imagesTr/BRATS_451_2.nii.gz,./imagesTr/BRATS_451_3.nii.gz,./labelsTr/BRATS_451.nii.gz
./imagesTr/BRATS_452_0.nii.gz,./imagesTr/BRATS_452_1.nii.gz,./imagesTr/BRATS_452_2.nii.gz,./imagesTr/BRATS_452_3.nii.gz,./labelsTr/BRATS_452.nii.gz
./imagesTr/BRATS_453_0.nii.gz,./imagesTr/BRATS_453_1.nii.gz,./imagesTr/BRATS_453_2.nii.gz,./imagesTr/BRATS_453_3.nii.gz,./labelsTr/BRATS_453.nii.gz
./imagesTr/BRATS_454_0.nii.gz,./imagesTr/BRATS_454_1.nii.gz,./imagesTr/BRATS_454_2.nii.gz,./imagesTr/BRATS_454_3.nii.gz,./labelsTr/BRATS_454.nii.gz
./imagesTr/BRATS_455_0.nii.gz,./imagesTr/BRATS_455_1.nii.gz,./imagesTr/BRATS_455_2.nii.gz,./imagesTr/BRATS_455_3.nii.gz,./labelsTr/BRATS_455.nii.gz
./imagesTr/BRATS_456_0.nii.gz,./imagesTr/BRATS_456_1.nii.gz,./imagesTr/BRATS_456_2.nii.gz,./imagesTr/BRATS_456_3.nii.gz,./labelsTr/BRATS_456.nii.gz
./imagesTr/BRATS_458_0.nii.gz,./imagesTr/BRATS_458_1.nii.gz,./imagesTr/BRATS_458_2.nii.gz,./imagesTr/BRATS_458_3.nii.gz,./labelsTr/BRATS_458.nii.gz
./imagesTr/BRATS_459_0.nii.gz,./imagesTr/BRATS_459_1.nii.gz,./imagesTr/BRATS_459_2.nii.gz,./imagesTr/BRATS_459_3.nii.gz,./labelsTr/BRATS_459.nii.gz
./imagesTr/BRATS_462_0.nii.gz,./imagesTr/BRATS_462_1.nii.gz,./imagesTr/BRATS_462_2.nii.gz,./imagesTr/BRATS_462_3.nii.gz,./labelsTr/BRATS_462.nii.gz
./imagesTr/BRATS_463_0.nii.gz,./imagesTr/BRATS_463_1.nii.gz,./imagesTr/BRATS_463_2.nii.gz,./imagesTr/BRATS_463_3.nii.gz,./labelsTr/BRATS_463.nii.gz
./imagesTr/BRATS_464_0.nii.gz,./imagesTr/BRATS_464_1.nii.gz,./imagesTr/BRATS_464_2.nii.gz,./imagesTr/BRATS_464_3.nii.gz,./labelsTr/BRATS_464.nii.gz
./imagesTr/BRATS_465_0.nii.gz,./imagesTr/BRATS_465_1.nii.gz,./imagesTr/BRATS_465_2.nii.gz,./imagesTr/BRATS_465_3.nii.gz,./labelsTr/BRATS_465.nii.gz
./imagesTr/BRATS_469_0.nii.gz,./imagesTr/BRATS_469_1.nii.gz,./imagesTr/BRATS_469_2.nii.gz,./imagesTr/BRATS_469_3.nii.gz,./labelsTr/BRATS_469.nii.gz
./imagesTr/BRATS_470_0.nii.gz,./imagesTr/BRATS_470_1.nii.gz,./imagesTr/BRATS_470_2.nii.gz,./imagesTr/BRATS_470_3.nii.gz,./labelsTr/BRATS_470.nii.gz
./imagesTr/BRATS_471_0.nii.gz,./imagesTr/BRATS_471_1.nii.gz,./imagesTr/BRATS_471_2.nii.gz,./imagesTr/BRATS_471_3.nii.gz,./labelsTr/BRATS_471.nii.gz
./imagesTr/BRATS_473_0.nii.gz,./imagesTr/BRATS_473_1.nii.gz,./imagesTr/BRATS_473_2.nii.gz,./imagesTr/BRATS_473_3.nii.gz,./labelsTr/BRATS_473.nii.gz
./imagesTr/BRATS_474_0.nii.gz,./imagesTr/BRATS_474_1.nii.gz,./imagesTr/BRATS_474_2.nii.gz,./imagesTr/BRATS_474_3.nii.gz,./labelsTr/BRATS_474.nii.gz
./imagesTr/BRATS_475_0.nii.gz,./imagesTr/BRATS_475_1.nii.gz,./imagesTr/BRATS_475_2.nii.gz,./imagesTr/BRATS_475_3.nii.gz,./labelsTr/BRATS_475.nii.gz
./imagesTr/BRATS_476_0.nii.gz,./imagesTr/BRATS_476_1.nii.gz,./imagesTr/BRATS_476_2.nii.gz,./imagesTr/BRATS_476_3.nii.gz,./labelsTr/BRATS_476.nii.gz
./imagesTr/BRATS_478_0.nii.gz,./imagesTr/BRATS_478_1.nii.gz,./imagesTr/BRATS_478_2.nii.gz,./imagesTr/BRATS_478_3.nii.gz,./labelsTr/BRATS_478.nii.gz
./imagesTr/BRATS_479_0.nii.gz,./imagesTr/BRATS_479_1.nii.gz,./imagesTr/BRATS_479_2.nii.gz,./imagesTr/BRATS_479_3.nii.gz,./labelsTr/BRATS_479.nii.gz
./imagesTr/BRATS_480_0.nii.gz,./imagesTr/BRATS_480_1.nii.gz,./imagesTr/BRATS_480_2.nii.gz,./imagesTr/BRATS_480_3.nii.gz,./labelsTr/BRATS_480.nii.gz
./imagesTr/BRATS_482_0.nii.gz,./imagesTr/BRATS_482_1.nii.gz,./imagesTr/BRATS_482_2.nii.gz,./imagesTr/BRATS_482_3.nii.gz,./labelsTr/BRATS_482.nii.gz
./imagesTr/BRATS_484_0.nii.gz,./imagesTr/BRATS_484_1.nii.gz,./imagesTr/BRATS_484_2.nii.gz,./imagesTr/BRATS_484_3.nii.gz,./labelsTr/BRATS_484.nii.gz
